CustomerID,FirstName,LastName,Email,Phone,Address,MembershipDate
1,Brian,Stewart,brian.stewart@gmail.com,(204)898-2161x5216,"19060 Brown Green, South Sandra, CA 39841",2020-03-08
2,Kelsey,Medina,kelsey.medina@hotmail.com,300.822.3867x7837,"USCGC Bush, FPO AE 64479",2017-08-14
3,Joseph,Hunter,joseph.hunter@hotmail.com,7599008686,"7077 Martinez Junction Apt. 897, South Erica, NM 74911",2023-09-13
4,Kathleen,Tucker,kathleen.tucker@hotmail.com,001-236-553-4141x0306,"46334 Michael Plains Apt. 836, Lake Amyland, NH 54804",2021-12-05
5,Jacqueline,Cox,jacqueline.cox@hotmail.com,+1-616-869-8535x828,"Unit 9273 Box 8105, DPO AE 72355",2024-11-16
6,Calvin,Moore,calvin.moore@hotmail.com,965-777-6928x14806,"17470 Smith Ford Apt. 810, Kimberlyborough, KY 72003",2016-03-05
7,Chad,Lopez,chad.lopez@hotmail.com,324.349.4637,"590 Bonnie Plain, Jacquelinetown, NJ 18442",2021-12-24
8,Matthew,Murray,matthew.murray@yahoo.com,3286645426,"41764 Katherine Crossroad Suite 803, Tonyafurt, NJ 47961",2020-09-08
9,Angela,Lutz,angela.lutz@hotmail.com,(872)307-6328x031,"484 Mitchell Radial, Watsonland, KS 85763",2024-11-28
10,Mark,Lopez,mark.lopez@yahoo.com,611.925.4630x767,"148 Jessica Spur Apt. 157, Lake Amyborough, AS 81538",2018-11-01
11,Vicki,Adams,vicki.adams@yahoo.com,788.433.5431x1185,"72052 Nguyen Freeway Suite 741, Lake Jeffrey, MN 01477",2016-05-26
12,Christian,Robinson,christian.robinson@hotmail.com,328.787.0238,"855 Long Common Suite 750, Vincentside, NC 49363",2018-03-06
13,Sarah,Moreno,sarah.moreno@hotmail.com,893.306.4135x92556,"69108 James Crossroad, Angelachester, NH 65782",2022-05-05
14,Jessica,Alvarado,jessica.alvarado@hotmail.com,001-221-929-3220x303,"2255 John Spring, Lake Melinda, CO 41827",2019-12-12
15,Maurice,Bryant,maurice.bryant@hotmail.com,215-311-6346,"9630 Wesley Plaza, Gregview, RI 28956",2019-04-25
16,Edward,Sharp,edward.sharp@gmail.com,803-557-1808,"96547 Chapman Loaf, South Keithbury, DC 80005",2022-02-04
17,Shari,Martin,shari.martin@hotmail.com,+1-246-857-3375x8273,"99958 Anderson Corner, West Joshua, ME 42425",2022-05-12
18,Jessica,Carpenter,jessica.carpenter@yahoo.com,+1-369-269-8182x0081,"856 Hamilton Manor, New Rachel, MA 55592",2021-04-28
19,Craig,Fowler,craig.fowler@gmail.com,001-231-429-4722x979,"1836 Michael Spur Suite 134, New Ashleyton, WA 20498",2019-02-19
20,Evan,Wilson,evan.wilson@hotmail.com,875.773.2347x80657,"USS Knox, FPO AE 67261",2022-11-08
21,Lance,Garcia,lance.garcia@gmail.com,550-316-8765,"36984 Peterson Viaduct, Lake Stacy, IL 20755",2015-12-08
22,Michael,Palmer,michael.palmer@hotmail.com,+1-824-531-6419,"68676 Garcia Creek Apt. 790, Brownside, NY 17270",2016-04-05
23,Jasmine,Woods,jasmine.woods@gmail.com,001-247-665-5113x0648,"398 Bautista Freeway Apt. 724, Christopherland, DC 81606",2019-03-12
24,Lance,Hawkins,lance.hawkins@hotmail.com,567.497.7757x89136,"073 Tyler Curve Apt. 427, Alexisshire, UT 32385",2017-05-25
25,Michelle,Oliver,michelle.oliver@gmail.com,7359380835,"3164 William Inlet Apt. 387, South Jeremychester, NE 05676",2020-08-09
26,James,Anderson,james.anderson@hotmail.com,9729054587,"USS Woods, FPO AA 62059",2016-09-03
27,Tara,Rodriguez,tara.rodriguez@gmail.com,001-652-514-6879x1248,"98558 Pugh Turnpike, Lake Debraview, IA 57596",2015-01-24
28,Scott,Golden,scott.golden@gmail.com,776.264.5612x659,"004 Huber Drive, Smithshire, VI 79978",2023-01-07
29,George,Williams,george.williams@gmail.com,533.567.3782x1587,"6754 Ellis Lodge Apt. 588, West Shawnshire, NH 70194",2016-09-04
30,Aaron,Rivera,aaron.rivera@yahoo.com,348-913-0972x99214,"66312 Ann Summit Apt. 692, Blakeville, VI 25572",2022-05-14
31,Michelle,Herrera,michelle.herrera@gmail.com,539.286.9967,"972 Mary Extensions Suite 656, Kingview, CA 12704",2020-02-23
32,Joshua,Quinn,joshua.quinn@hotmail.com,(371)575-2487x06127,"869 Amanda Well, Villanuevafort, MN 38806",2018-05-19
33,Matthew,West,matthew.west@gmail.com,001-787-643-8248x759,"593 Clark Harbor Suite 197, East Racheltown, MS 11727",2017-08-09
34,Patrick,Beck,patrick.beck@gmail.com,(321)473-1238,"665 Morgan Ways Suite 434, New Christophershire, PW 81398",2023-12-25
35,David,Bates,david.bates@hotmail.com,772-430-8036x58742,"4870 Ramirez Key Suite 310, South Lynn, VI 49524",2016-10-21
36,Lindsay,Sanchez,lindsay.sanchez@gmail.com,(597)859-0749,"030 Hebert Isle, Lake Aaronview, PR 39655",2023-06-04
37,Tyler,Martin,tyler.martin@hotmail.com,2852102114,"Unit 4468 Box 5445, DPO AP 55963",2021-07-20
38,Johnny,Chavez,johnny.chavez@gmail.com,989.448.4686x7048,"USS Smith, FPO AP 00598",2022-03-30
39,Stacy,Huffman,stacy.huffman@yahoo.com,(285)489-5682,"85700 Ernest Forge, Lake Margaret, CA 51992",2015-02-22
40,Gregory,Wilkinson,gregory.wilkinson@yahoo.com,244.791.3399x787,"91992 Smith Parks Apt. 017, Hollymouth, NJ 20115",2020-03-20
41,Manuel,Reese,manuel.reese@hotmail.com,+1-925-820-9597x302,"964 Taylor Crossroad, Jamesmouth, WI 84725",2022-01-12
42,Richard,Cline,richard.cline@yahoo.com,228-466-8159x71694,"4553 Jocelyn Ways, Jennymouth, NH 42677",2017-01-06
43,Manuel,Mendez,manuel.mendez@hotmail.com,(510)833-1201x8573,"2276 Oscar Brooks Apt. 134, Edwardsview, PW 91492",2017-12-13
44,Gerald,Duncan,gerald.duncan@hotmail.com,(832)501-7183,"977 Paul Mountain, East Elizabeth, ID 57435",2018-07-16
45,Melinda,Williams,melinda.williams@yahoo.com,544.347.4591x4390,"448 Nathaniel Motorway Suite 151, Johnsonfort, VI 46295",2024-12-11
46,Anthony,Nguyen,anthony.nguyen@yahoo.com,001-455-775-0041x78580,"2275 Kyle Grove Suite 906, South Dean, FM 77529",2020-03-28
47,Tyler,Stokes,tyler.stokes@yahoo.com,(565)559-5574x2820,"938 Strong Fort, Larsonland, OK 35788",2016-12-04
48,Mallory,Cummings,mallory.cummings@gmail.com,(921)494-7807x44635,"55076 Nicholas Estate, Williamshaven, UT 24676",2015-02-07
49,Ashley,Graham,ashley.graham@hotmail.com,001-908-210-7440x72054,"1188 Pope Extensions, Brownborough, PA 46441",2021-08-20
50,Collin,Sullivan,collin.sullivan@gmail.com,896-658-7624x600,"1788 Thompson Ville Apt. 779, East Kaylaside, TN 59607",2018-01-28
51,Ethan,Mcgrath,ethan.mcgrath@gmail.com,(367)680-5377x430,"59466 Becker Spur Suite 960, Port Shannonmouth, VT 80830",2023-03-02
52,Shelly,Cook,shelly.cook@hotmail.com,559.653.0645x58580,"12007 Turner Trafficway, Scottchester, WA 34172",2023-01-16
53,Jason,Smith,jason.smith@yahoo.com,485-452-5388x0820,"432 Deborah Street, South Jessica, WV 66464",2019-10-12
54,Mark,Morales,mark.morales@gmail.com,803.613.8409x518,"9509 Murillo Square, Jennyhaven, MS 83832",2023-12-24
55,Tamara,Mitchell,tamara.mitchell@gmail.com,421-503-7222x040,"35655 Davis Knolls Apt. 427, Kleinmouth, NY 99759",2017-02-22
56,Troy,Boyer,troy.boyer@yahoo.com,(986)669-2786x870,"0872 Michael Lake Apt. 124, Wilsonland, ME 99384",2016-04-23
57,Stacy,Bailey,stacy.bailey@hotmail.com,+1-327-794-9875x7562,"USS Lopez, FPO AP 53512",2024-10-01
58,Richard,Henry,richard.henry@gmail.com,480.477.2471x010,"01447 John Flat, South Christopher, FL 34552",2016-02-11
59,Jessica,Foster,jessica.foster@gmail.com,342.675.9247x34183,"234 Julie Isle Suite 659, West Meganside, SD 05940",2023-04-12
60,Joseph,Clark,joseph.clark@gmail.com,984.492.8899x54997,"945 Debra Turnpike Apt. 120, New Martin, UT 84402",2023-03-15
61,Lisa,Mann,lisa.mann@yahoo.com,883.756.0111,"54136 Alexander Rapid Suite 659, Rickytown, NH 41353",2021-04-09
62,Frederick,Booker,frederick.booker@gmail.com,371.278.1238x3849,"5028 Clark Branch, Bartonshire, MO 19632",2019-07-17
63,Laura,Ellis,laura.ellis@gmail.com,+1-475-352-5312x022,"4951 Kim Shoals Apt. 309, Lake Erintown, ID 90368",2020-10-23
64,Christopher,Dunn,christopher.dunn@hotmail.com,001-747-657-7571,"268 Mitchell Curve Apt. 361, Bernardland, MH 90167",2021-11-30
65,Paul,Reyes,paul.reyes@hotmail.com,(426)645-5931x7066,"Unit 0893 Box 2024, DPO AE 52798",2022-07-09
66,Janet,Hughes,janet.hughes@hotmail.com,(659)625-8304x400,"470 Kristin Vista Suite 678, West Jennifer, MH 57382",2021-12-27
67,Meredith,Austin,meredith.austin@hotmail.com,+1-505-544-8113x4077,"048 Thompson Square, Staceymouth, PW 76226",2023-05-29
68,Norma,Henderson,norma.henderson@yahoo.com,397.406.1832,"98613 Jonathan Fords, Hannahstad, PW 92036",2018-11-21
69,Kurt,Wood,kurt.wood@hotmail.com,001-266-618-6808,"824 Smith Viaduct, Hayesbury, ND 98858",2015-02-19
70,Shannon,Cline,shannon.cline@yahoo.com,(521)287-3635x23087,"115 Sarah Streets Apt. 093, South Jeremymouth, MD 04764",2023-05-29
71,Keith,Smith,keith.smith@hotmail.com,268-921-5855x466,"39464 Baker Stream Apt. 032, Port Dianamouth, SC 74075",2016-01-23
72,Katie,Bush,katie.bush@gmail.com,+1-934-475-7720x61651,"5933 Hawkins Lakes, Christopherstad, IL 74338",2019-06-06
73,Jessica,Alvarez,jessica.alvarez@gmail.com,517.444.8999x180,"203 John Cape Suite 946, Patrickland, PR 66216",2018-02-22
74,Nicholas,Valenzuela,nicholas.valenzuela@hotmail.com,740-999-4007x98657,"4496 Eileen Motorway Suite 461, Donaldberg, OH 13939",2019-08-27
75,Theresa,Villanueva,theresa.villanueva@hotmail.com,642-500-7400x380,"70291 Mark Port, Lake Carlborough, MT 35729",2022-11-21
76,Mary,Mendez,mary.mendez@hotmail.com,(506)448-0096x37265,"9121 Sarah Knoll, Elizabethchester, NH 51024",2022-05-08
77,Warren,Santana,warren.santana@yahoo.com,001-252-565-7310x90181,"31929 Sarah Mill Apt. 758, West Sandra, NC 02717",2020-08-01
78,Nicholas,Lopez,nicholas.lopez@gmail.com,(955)351-0104x4787,"41458 Heather Mountains, New Jenniferbury, CA 90352",2017-11-23
79,Blake,Hanna,blake.hanna@gmail.com,(590)378-6195x76912,"2211 Melissa View Suite 388, North Veronicaberg, OR 04029",2023-11-03
80,William,Harris,william.harris@gmail.com,+1-424-574-9893x431,"255 Chavez Lodge Apt. 494, Davidchester, ME 42895",2023-02-08
81,Elizabeth,Ramsey,elizabeth.ramsey@hotmail.com,001-519-558-5362,"74495 Joshua Viaduct, East James, FL 92847",2024-07-01
82,Paul,Hunt,paul.hunt@yahoo.com,(928)697-4290,"340 Sanders Way Suite 507, Tranmouth, WY 80738",2015-03-04
83,Ashley,Davis,ashley.davis@gmail.com,001-741-701-3163,"79778 Marcus Keys, New Kim, HI 24911",2015-08-31
84,Carrie,Matthews,carrie.matthews@hotmail.com,551-947-3201x443,"63561 Davidson Divide Apt. 255, Johnsonbury, SD 54327",2020-05-16
85,Sarah,Smith,sarah.smith@yahoo.com,363.470.6514,"55124 Natalie Creek Apt. 873, Davistown, AZ 03446",2022-05-31
86,Margaret,Mccann,margaret.mccann@gmail.com,(927)286-0890x7520,"3053 Nelson Valleys Suite 553, Lake Diana, DC 74069",2017-09-06
87,Mary,Allison,mary.allison@yahoo.com,+1-606-485-2747,"321 Ryan Locks, North Tanner, UT 95981",2024-05-03
88,Noah,Hernandez,noah.hernandez@hotmail.com,+1-491-675-3895x6688,"Unit 8192 Box 9665, DPO AA 06992",2020-09-26
89,Joshua,Combs,joshua.combs@hotmail.com,271-417-9650x541,"2126 Davis Greens Suite 010, Cartershire, TX 84252",2023-09-21
90,Ashley,Patton,ashley.patton@gmail.com,940-547-5258x156,"458 Jillian Wall, East Teresaton, KY 82634",2015-06-06
91,Mary,Williams,mary.williams@gmail.com,941.765.9793,"61612 Amanda Avenue, North Christopher, HI 14637",2017-02-28
92,Lisa,Roy,lisa.roy@gmail.com,(485)932-9940x5704,"USNS Stewart, FPO AE 31767",2018-02-28
93,Laura,Thomas,laura.thomas@yahoo.com,(391)982-7979,"13153 Moore Inlet Apt. 354, Lake Donald, IL 56339",2020-05-14
94,Abigail,Moore,abigail.moore@hotmail.com,558.244.1491x3049,"9095 Hays Lodge Suite 870, Christinamouth, NJ 20363",2016-06-01
95,Laura,Walker,laura.walker@yahoo.com,597-586-1051x12640,"815 Dana Ports, Port Patriciamouth, MT 18928",2024-06-02
96,Sarah,Fleming,sarah.fleming@hotmail.com,7554580111,"2279 Marie Ville, Port Stephanie, FM 63716",2023-09-30
97,Sara,Acosta,sara.acosta@yahoo.com,(953)639-3391x71658,"507 William Place, Martinezbury, FM 58491",2019-04-28
98,Mary,Rios,mary.rios@hotmail.com,(896)758-3902,"06705 Mullins Mission, Ericside, PR 77358",2015-02-22
99,Rachel,Reed,rachel.reed@yahoo.com,616-446-8228x16370,"85745 Wallace Lodge Apt. 562, Lake Charles, OK 25298",2019-10-08
100,John,Morales,john.morales@hotmail.com,4898583339,"50460 Lee Corners, New Nancyberg, GA 60757",2018-02-04
